SL NO,ID NO,AGE,District,DOS,GRAVIDA,PARITY,ABORTIONS,POG,PREGNANCY COMPLICATIONS,NO OF CS,SPON LABOUR,INDUCED,ELECTIVE,EMERGENCY,INDCATIONS OF CESAREAN,ROBSON,MEDICAL COMPLICATIONS,HYPOTHYROID/SCH,DM/GDM,BA,CHR HTN,INDCATIONS OF CESAREAN,OPERATIVE FINDINGS,SEX OF BABY 1,WEIGHT 1,SEX OF BABY 2,WEIGHT 2,TOB,DOB,AS,CMF,BLOOG GROUP,TSH 1,TSH 2,TSH 3,THYRONORM 1,THYRONORM 2,DOUBLE MARKER,QUADRUPLE TEST,NIPT,GTT/DIPSI,GTT 75 GM,RBS,NT SCAN,ANOMALY SCAN,LAST USG
1,1,29,Imphal West,29/05/20,4,1,,39.1,,0,NO,,YES,,CPD,4,,YES,,NO,NK,CPD,,MALE,4.1,,,7.01 AM,29.05.20,9,NO,A +VE,2.8,1.87,3.14,25,,,LOW RISK,,118,NA,,1.1,"PELVICALIECTASIS, PDN +",EFW4125 gm
2,2,31,Imphal West,27/05/22,1,0,,38.2,,0,NO,,YES,,CPD,2,,,,,,CPD,"MSL, SMALL FIBROIDS,ENDOMETRIOSIS",MALE,3,,,8:18 AM,27.05.22,9,NO,B+ VE,0.45,,,,,,,,118,NA,,1.1,,EFW 2991gm
3,3,29,Imphal West,11/06/20,1,0,,37.5,,0,YES,,NO,,"PROM, CPD",1,,SCH,,NO,,"PROM, CPD",MSL,MALE,3.7,,,8.42AM,11.06.20,9,NO,A +VE,3.48,,,,,,LOW RISK,,135,NA,,NOT DONE,NORMAL,EFW 3333
4,4,33,Imphal West,10/06/20,4,2,,37.1,,0,YES,,NO,,ON DEMAND,3,,NO,,YES,NO,ON DEMAND,BLTL DONE,MALE,3.1,,,7.04PM,10.06.20,9,NO,AB+VE,1.95,,,,,,LOW RISK,,NA,81/128/106,,NOT DONE,NORMAL,NOT DONE
5,5,26,Imphal West,10/06/20,1,0,,39.1,,0,NO,,YES,,ON DEMAND,2,,NO,,NO,NO,ON DEMAND,,MALE,2.9,,,6.46AM,10.06.20,9,NO,A+ VE,1.18,,,,,,LOW RISK,,135,NA,,1.3,NORMAL,EFW 3252
6,6,29,Imphal West,18/06/20,1,0,,40.2,,0,NO,,NO,,FAILED INDUCTION,2,,NO,,NO,NO,FAILED INDUCTION,MSL,FEMALE,3.2,,,1.59PM,18.06.20,9,NO,B+ VE,2.07,,,,,,,,129,NA,,NOT DONE,NORMAL,EFW 3099
7,7,38,Imphal West,04/06/20,3,1,,37,POST CS,1,NO,,YES,,SEVERE OLIGOHYDRAMNIOS,5,,NO,,NO,NO,SEVERE OLIGOHYDRAMNIOS,,MALE,2.6,,,8.59AM,04.06.20,9,NO,O+VE,0.665,,,,,,LOW RISK,,NA,85,,1.3,NORMAL,EFW 2563
8,8,31,Imphal East,07/06/20,2,1,,38.1,POST CS,1,NO,,YES,,UNFAVOURABLE CERVIX,5,,NO,,NO,NO,UNFAVOURABLE CERVIX,,FEMALE,2.7,,,12.32PM,07.06.20,9,NO,A+VE,0.8,,,,,,LOW RISK,,70,NA,,1.7,"PELVICALIECTASIS, PDN +",EFW 2594
9,9,36,Imphal West,19/06/20,2,1,,38.4,POST CS,1,NO,,YES,,CPD,5,,NO,,NO,NO,CPD,,MALE,3.4,,,6.37AM,19.06.20,9,NO,B+ VE,2.72,,,,,,TRISOMY 21 = 1:90,,135,NA,,1.1,NORMAL,EFW 3410
10,10,37,Imphal West,16/06/20,2,1,,37.5,POST CS,1,YES,,NO,,IN LABOUR,5,,YES,NO,NO,NO,IN LABOUR,FILLING OF BLOOD IN CAVITY,MALE,3.3,,,2.30PM,16.06.20,9,NO,O+VE,5.36,3.52,2.76,,,,LOW RISK,,108,NA,,1.6,NORMAL,NOT DONE
11,11,36,Imphal East,11/06/20,2,1,,36.3,POST CS,1,YES,,NA,,,NA,,YES,NO,NO,NO,,,FEMALE,2.4,,,8.53AM,10.06.20,9,NO,AB+VE,3.86,1.83,,,,,LOW RISK,,105,NA,,1.3,NORMAL,NOT DONE
12,12,26,Imphal West,18/06/20,1,0,,39.1,,0,NO,,YES,,ON DEMAND,2,,NO,,NO,NO,ON DEMAND,,FEMALE,2.7,,,12.56PM,18.06.20,9,NO,A+VE,2.47,,,,,,LOW RISK,,95,NA,,1.4,NORMAL,EFW 3145
13,13,27,Imphal West,30/07/20,1,0,,37.3,,0,YES,,NO,,PROM,1,,NO,,NO,NO,PROM,Multiple Fibroid,FEMALE,2.4,,,7.54am,30.07.20,9,NO,A+ve,ND,ND,ND,,,,TRISOMY 18=1:17,LOW RISK,78,NA,,0.97,NORMAL,EFW2743
14,14,37,Imphal West,17/07/20,1,0,,39.2,,0,NO,,YES,,CPD,2,,NO,,NO,NO,CPD,,FEMALE,3.6,,,7.30am,17.07.20,9,NO,A+ve,2.59,,,,,,LOW RISK,,75,NA,,0.9,NORMAL,EFW2991
15,15,26,Imphal East,16/07/20,1,0,,39.1,,0,NO,,YES,,CPD,2,,YES,,NO,NO,CPD,"ATONIC UTERUS, BL UTERINE ARTERY LIGATION",FEMALE,3.4,,,2.05PM,16.07.20,9,NO,O+VE,4.27,2.54,2.54,25,,,LOW RISK,NA,82,NA,,1.1,NORMAL,EFW 3422
16,16,43,Imphal West,07/07/20,6,1,,38.4,POST CS,1,NO,,YES,,"POST CS, BOH",5,,NO,,NO,NO,"POST CS, BOH",OVARIES AROPHIED,MALE,3.1,,,6.30 AM,07.07.20,9,NO,B+ VE,1.6,,,,,,TRISOMY 21 = 1:60,LOW RISK,126,NA,,1.4,NORMAL,
17,17,37,Imphal West,23/07/20,5,1,,38.2,POST CS,1,NO,,YES,,"POST CS, CPD",5,,,YES,NO,NO,"POST CS, CPD",OMENTUM ADHERENT,MALE,4,,,7.35 AM,23.07.20,9,NO,O+VE,3.74,,,,,,LOW RISK,NA,DM,,,1.3,NFT=6.4,3385
18,18,31,Imphal West,17/07/20,5,0,,38,,0,NO,,YES,,"BOH, CPD",2,,NO,N,NO,NO,"BOH, CPD",,FEMALE,3.1,,,6.33AM,17.07.20,9,NO,B+ VE,1.88,,,,,,LOW RISK,NA,75,NA,,0.9,EIF PRESENT,3280
19,19,32,Imphal West,01/07/20,2,1,,38.2,POST CS,1,NO,,YES,,"POST CS, NOT WILLING VBAC",5,,YES,NO,NO,NO,"POST CS, NOT WILLING VBAC",ENDOMETRIOTIC SPOTS,FEMALE,2.8,,,6.52AM,01.07.20,9,NO,B-VE,3.96,,,,,,LOW RISK,NA,95,NA,,1.2,AFI/LIQUOR=14,3049
20,20,27,Imphal East,23/07/20,1,0,,38.1,,0,NO,,YES,,ON DEMAND,2,,NO,NO,NO,NO,ON DEMAND,,MALE,3.5,,,6.42AM,23.07.20,9,NO,O+VE,1.7,,,,,,LOW RISK,NA,75,NA,,0.8,NORMAL,2991
21,21,31,Imphal West,17/07/20,2,1,,38.5,POST CS,1,NO,,YES,,"POST CS, CPD",5,,NO,NO,NO,NO,"POST CS, CPD",ADHESION BETWEEN UTERUS AND ABDOMINAL WALL,FEMALE,3.2,,,1.33PM,17.07.20,9,NO,A+VE,2.08,,,,,,NOT DONE,NA,NA,91/163/116,,NOT DONE,NOT DONE,3105
22,22,35,Imphal East,02/07/20,1,0,,38.4,,0,NO,,YES,,ON DEMAND,2,SLE,NO,NO,NO,NO,ON DEMAND,,MALE,3,,,8.51AM,02.07.20,9,NO,B+ VE,3.72,,,,,,LOW RISK,NA,,73/64/85,,0.8,NORMAL,3001
23,23,32,Imphal West,30/07/20,1,0,,39.6,,0,NO,,YES,,FIBROID,2,,NO,NO,NO,NO,FIBROID,Multiple Fibroid,FEMALE,3.3,,,6.36AM,30.07.20,9,NO,A+VE,0.705,,,,,,LOW RISK,NA,,73/X/106,,1.1,"TWO FIBROID, AFI/LIQUOR=17.3",3630
24,24,32,Imphal West,07/07/20,3,1,,38.1,POST CS,1,NO,,YES,,"POST CS, GDM, CPD",5,,NO,YES,NO,NO,"POST CS, GDM, CPD",,FEMALE,3.9,,,7.25AM,07.07.20,9,NO,A+VE,2.08,,,,,,LOW RISK,NA,,137/X/187,,2,PLACENTA = LEFT ANTERO LATERAL,3450
25,25,32,Imphal West,30/07/20,1,0,,38.4,,0,NO,,NO,,CPD,2,,NO,NO,NO,NO,CPD,,FEMALE,2.9,,,2.47PM,07.08.20,9,NO,A+VE,2.94,,,,,,NOT DONE,NA,NA,NA,,1.25,NOT DONE,3175
26,26,32,Imphal West,15/08/20,1,0,,38.1,,0,NO,,YES,,"CHOLESTASIS,CPD",2,,NO,NO,NO,NO,"CHOLESTASIS,CPD",,MALE,3.6,,,6.42AM,15.08.20,9,NO,B+ VE,1.95,,,,,,LOW RISK,NA,,78/127/126,,1.1,NORMAL,3112
27,27,24,Imphal West,25/08/20,1,0,,39.5,,0,NO,,NO,,CERVICAL DYSTOCIA,2,,NO,NO,NO,NO,CERVICAL DYSTOCIA,,MALE,2.7,,,9.21AM,25.08.20,9,NO,,2.7,,,,,,LOW RISK,NA,114,NA,,0.8,NORMAL,2705
28,28,40,Imphal West,13/08/20,2,1,,38.3,,1,NO,,YES,,CPD,5,,NO,NO,NO,NO,CPD,,MALE,3.5,,,7.52AM,13.08.20,9,NO,A+VE,2.15,,,,,,LOW RISK,NA,112.4,,,NOT DONE,NORMAL,3475
29,29,44,Imphal West,03/08/20,2,1,,38.O,POST CS,1,NO,,YES,,"POST CS, CPD",5,,NO,NO,NO,NO,"POST CS, CPD",B/L OVARIES ATROPHIED,FEMALE,3.5,,,7.24AM,03.08.20,9,NO,O+VE,1.86,,,,,,TRISOMY 21= 1:66( HIGH RISK),LOW RISK,,87/124/119,,1,NORMAL,3220
30,30,29,Imphal West,25/07/20,3,1,1,39.3,POST CS,1,NO,,YES,,"POST CS, CPD",5,,NO,NO,NO,NO,"POST CS, CPD",PREVIOUS SCAR INTACT,FEMALE,3.1,,,7.19 AM,25.07.20,9,NO,O+VE,0.069,,,,,,LOW RISK,NA,128,,,NOT DONE,NORMAL,3221
31,31,33,Imphal West,13/08/20,1,0,,39,,0,NO,,NO,,ON DEMAND,2,,NO,NO,NO,NO,ON DEMAND,,FEMALE,3.1,,,6.48AM,13.08.20,9,NO,O+VE,ND,ND,ND,,,,LOW RISK,NA,118,,,1.6,NORMAL,3112
32,32,29,Bishnupur,08/08/20,1,0,,38,,0,NO,,NO,,ON DEMAND,2,,NO,NO,NO,NO,ON DEMAND,ANTERIOR WALL SUBSEROSAL FIBROID 2X1.5CM,MALE,2.6,,,9.17AM,08.08.20,9,N0,B+ VE,ND,ND,ND,,,,LOW RISK,NA,113,,,0.8,NORMAL,3024
33,33,33,Imphal West,17/08/20,3,1,0,39,,1,NO,,NO,,POST CS,5,,NO,NO,NO,NO,POST CS,,MALE,3,,,8.34AM,17.08.20,8,NO,B+ VE,2.67,,,,,,LOW RISK,NA,72,,,NOT DONE,"PLACENTA BILOBED,RIGHT OVARIAN COMPLEX CYST",3447
34,34,33,Imphal West,08/08/20,2,1,,38.6,POST CS,1,NO,,YES,,"POST CS,CPD",5,,NO,NO,NO,NO,"POST CS,CPD",,MALE,3,,,6.42AM,08.08.20,9,NO,AB+VE,1.56,,,,,,LOW RISK,NA,115,,,0.7,NORMAL,
35,35,31,Imphal East,13/8/20,6,1,4,38.4,POST CS,1,NO,,YES,,"POST CS,CPD",5,,NO,NO,NO,NO,"POST CS,CPD",,MALE,3.5,,,9.11AM,13.8.20,9,NO,O+VE,3.79,,,,,,TRISOMY21=1:128,LOW RISK FOR TRISOMY21,112,,,NOT DONE,NORMAL,1873
36,37,32,Imphal West,14/08/20,6,2,3,38.2,"GDM, LEFT SO",0,NO,,YES,,ON DEMAND,4A,,NO,N,NO,N,ON DEMAND,OMENTUM ADHERENT TO THE ANTERIOR ABDOMINAL WALL,MALE,3.4,,,6.46AM,14/08/20,9,NO,A+VE,1.98,,,,,,NOT DONE,NA,165,,,NOT DONE,NORMAL,2993
37,38,33,Imphal West,09/08/20,1,0,0,38.3,,0,NO,,YES,,ON DEMAND,2B,,NO,NO,NO,NO,ON DEMAND,,FEMALE,2.9,,,6.43AM,09/08/20,8,NO,O+VE,1.63,,,,,,NOT DONE,NA,60,,,NOT DONE,NOT DONE,2993
38,39,29,Imphal West,17/08/20,1,0,0,39.6,,0,NO,,YES,,ON DEMAND,2B,NO,NO,NO,NO,NO,ON DEMAND,,MALE,2.9,,,6.46 AM,17/08/20,9,NO,B +VE,NOT DONE,,,,,,LOW RISK,NA,NOT DONE,,,NOT DONE,NORMAL,3209
39,40,39,Imphal East,23/08/20,5,2,2,38.1,"2 CS, 1 HYSTEROTOMY",3,NO,,YES,,3 CS,5,NO,NO,NO,,,3 CS,BLTL DONE,FEMALE,3.4,,,7.04 AM,23/08/20,7,NO,B +VE,0.86,,,,,,LOW RISK,NA,99,,,0.9,NORMAL,3329
40,41,34,Imphal East,17/08/20,3,1,1,38.2,POST CS,1,YES,,NO,,"POCT CS, CX DYSTOCIA",5,NO,,,,,"POCT CS, CX DYSTOCIA",,MALE,2.9,,,9.20 AM,17/08/20,8,NO,B+ VE,2.72,,,,,,LOW RISK,NA,74,,,0.9,NORMAL,2900
41,42,32,Imphal West,27/09/20,3,1,1,38.6,"POST CS, PIH",1,NO,,YES,,"POST CS, PIH, UNFAVOURABLE CERVIX",5,NO,,,,,"POST CS, PIH, UNFAVOURABLE CERVIX",,MALE,2.9,,,10.50 AM,27/09/20,9,NO,B +VE,2.99,,,,,,LOW RISK,NA,72,,,1.8,NORMAL,3511
42,43,36,Imphal East,14/09/20,3,2,0,38.5,PREVIOUS 2 CS,2,NO,,YES,,POST 2 CS,5,NO,,,,,POST 2 CS,"ADHESION BETWEEN UTERUS AND ABDOMINAL WALL, BLTL DONE",MALE,3.3,,,8.28 AM,14/09/20,9,NO,O+VE,0.64,,,,,,LOW RISK,NA,84,,,1.2,NORMAL,3446
43,44,30,Thoubal,14/09/20,3,1,1,38.4,,0,NO,,YES,,CPD,4B,NO,,,,,CPD,,MALE,3.7,,,7.38 AM,14/09/20,9,NO,A +VE,1.49,,,,,,LOW RISK,NA,112,,,1.1,NORMAL,3674
44,45,30,Imphal West,30/09/20,1,0,0,38,IUGR,0,NO,,YES,,CS ON DEMAND,2B,NO,,,,,CS ON DEMAND,,FEMALE,2.5,,,9.08 AM,30/09/20,9,NO,A +VE,NOT DONE,,,,,,LOW RISK,NA,97,,,1.4,EIF PRESENT,2561
45,46,26,Imphal West,02/09/20,2,1,0,38.4,POST CS,1,NO,,YES,,PREVIOUS CS,5,YES,YES,,,,PREVIOUS CS,,FEMALE,2.9,,,8.58 AM,02/09/20,9,NO,O+VE,4.01,,,25,,LOW RISK,NA,NA,110,,,NOT DONE,NORMAL,3037
46,47,33,Imphal West,15/09/20,2,0,1,37,POLYHYDRAMNIOS,0,YES,,NO,,NPL DUE TO OCCIPITO-POSTERIOR,1,NO,,,,,NPL DUE TO OCCIPITO-POSTERIOR,"MSL, EXCESS LIQUR",MALE,3.1,,,5.50 AM,15/09/20,9,NO,A +VE,1.96,,,,,NA,LOW RISK,NA,93,,,1.8,ECHOGENIC BOWEL,3095
47,48,42,Bishnupur,07/09/20,6,1,4,38.2,"GDM, HYPOTHYROIDISM, OLIGO",0,NO,,YES,,CS ON DEMAND,4B,YES,,YES,,,CS ON DEMAND,UTERINE ARTERY LIGATION-RIGHT,MALE,2.7,,,7.02 AM,07/09/20,9,NO,B +VE,0.37,,,,,,TRISOMY 21=1.221,,151,,,1.3,NORMAL,2695
48,49,23,Imphal East,13/09/20,1,0,0,38.4,,0,NO,,YES,,CPD,2B,NO,,,,,CPD,,MALE,3.2,,,7.14 AM,13/09/20,9,NO,B +VE,2.96,,,,,,LOW RISK,NA,91,,,1,NORMAL,3142
49,50,,,,,,,,,,,,,,,,,,,,,,,,,,,,,,,,,,,,,,,,,,,,,
50,51,33,Imphal West,20/09/20,2,1,0,38.5,PIH,0,NO,YES,NO,YES,FAILED INDUCTION,4A,NO,,,,,FAILED INDUCTION,,MALE,2.8,,,2.37 PM,20/09/20,9,NO,O+VE,2.78,,,,,,TRISOMY 21=1:116,LOW RISK,75,,,1.4,NORMAL,2691
51,52,35,Imphal East,24/09/20,4,2,1,38.3,,0,NO,NO,YES,NO,CS ON DEMAND,4B,NO,,,,,CS ON DEMAND,,FEMALE,2.9,,,7.03 AM,24/09/20,9,NO,O+VE,1.1,,,,,,NOT DONE,NA,NOT DONE,,,NOT DONE,NORMAL,2484
52,53,38,Imphal West,21/09/20,1,0,0,39.1,"TWIN IVF, PIH, HRP",0,NO,,YES,,"HRP, TWIN IVF",8,NO,,,,PIH,TWIN IVF,"2 PLACENTA, ATONIC PPH, AP COMPRESSION, BL UT ART LIGATION",MALE,2.9,FEMALE,2.7,7.39 AM,21/09/20,9,NO,A+VE,NOT DONE,,,,,,NOT DONE,NA,NOT DONE,,,NOT DONE,NOT DONE,3289/3665
53,54,35,Imphal West,21/09/20,1,0,0,38.5,,0,NO,,YES,,CPD,2,NO,,,,,CPD,,MALE,3.5,,,6.39 AM,21/09/20,9,NO,AB+VE,NOT DONE,,,,,,NOT DONE,NA,128,,,1.5,NORMAL,3436
54,55,37,Imphal West,14/09/20,2,1,0,39,PREVIOUS CS,1,NO,,YES,,POST CS,5,NO,,,,,POST CS,,MALE,3.3,,,5.33 PM,14/09/20,9,NO,B+VE,1.18,,,,,,LOW RISK,NA,79,,,NOT DONE,NORMAL,3974
55,56,27,Imphal East,21/09/20,2,1,0,38,PIH,0,NO,,YES,,CS ON DEMAND,4B,NO,,,,,CS ON DEMAND,LUS VASCULAR WITH MANY VESSELS,FEMALE,3.4,,,9.07 AM,21/09/20,9,NO,O+VE,0.83,,,,,,NOT DONE,NA,,,78,NOT DONE,NORMAL,3688
56,57,24,Imphal West,21/09/20,1,0,0,38.5,,0,YES,,NO,,FETAL BRADYCARDIA,1,NO,,,,,FETAL BRADYCARDIA,"HEAD DEEP IN PELVIS, 2ND STAGE CS,",FEMALE,3.3,,,1.22 PM,21/09/20,9,NO,B+VE,1.17,,,,,,NOT DONE,NA,,,78,NOT DONE,NOT DONE,3214
57,58,28,Imphal West,23/09/20,1,0,0,38.5,PIH,0,NO,YES,NO,YES,CS ON DEMAND,2A,NO,,,,,CS ON DEMAND,"PPH, PACKING KEPT-UTERINE AND VAGINAL",FEMALE,3.2,,,2.22 PM,23/09/20,9,NO,A+VE,1.21,0.89,,,,,LOW RISK,NA,96,,,1.1,NORMAL,2813
58,59,34,Imphal East,01/09/20,2,1,0,38,CPD,1,YES,NO,NO,YES,CPD,3,NO,,,,,CPD,BAND BETWEEN UTERUS AND BLADDER,MALE,3.5,,,2.28 PM,01/09/20,9,NO,AB+VE,3.235,,,,,,NOT DONE,NA,119,,,1.3,NOT DONE,3128
59,60,36,Imphal West,02/10/20,2,1,0,38.3,IHCP,0,NO,YES,NO,YES,FAILED INDUCTION,4A,NO,,,,,FAILED INDUCTION,,FEMALE,3.4,,,6.34 PM,02/10/20,9,NO,AB+VE,2.19,,,,,,LOW RISK,NA,97,,,0.8,NORMAL,3482
60,61,25,Imphal West,28/10/20,3,0,2,38.1,BOH,0,YES,NO,NO,YES,BOH,1,NO,,,,,BOH,,MALE,2.9,,,8.44 AM,28/10/20,9,NO,B+VE,2.58,,,,,,LOW RISK,NA,103,,,1.3,NORMAL,3224
61,62,34,Bishnupur,12/10/20,1,0,0,38,"POST MYOMECTOMY, FIBROIDS, LEFT OPHORECTOMY, POLYHYDRAMNIOS, CPD",0,NO,NO,YES,NO,"POST MYOMECTOMY, FIBROIDS, LEFT OPHORECTOMY, POLYHYDRAMNIOS, CPD",2B,NO,,,,,CPD,FIBROIDS,MALE,3.8,,,7.12 AM,12/10/20,9,NO,O+VE,1.33,,,,,,LOW RISK,NA,,,196,NOT DONE,NORMAL,3726
